Scan,Peptide,local confidence,total score, Area
 13329,DYTDYVWGK,0.89 0.89 0.97 0.97 0.97 0.96 0.96 0.97 0.99,-0.04895684472653111,1
 13356,DYTDYVWGK,0.92 0.93 0.97 0.97 0.97 0.97 0.96 0.97 0.98,-0.040821994520255284,1
 8590,VGTEKIPR,0.97 0.97 0.95 0.86 0.89 0.90 0.96 0.98,-0.06720874969344999,1
 8598,WVGTEKIPR,0.97 0.97 0.97 0.97 0.95 0.92 0.91 0.90 0.95,-0.05598263475093669,1
 13383,DYTDYVWGK,0.92 0.93 0.97 0.97 0.97 0.97 0.96 0.97 0.98,-0.040821994520255284,1
 8618,VGTEKIPR,0.95 0.93 0.90 0.89 0.89 0.90 0.93 0.97,-0.08338160893905114,1
 8626,WVGTEKIPR,0.97 0.97 0.97 0.96 0.94 0.91 0.90 0.86 0.93,-0.0678031033513625,1
 13409,DYTDYVWGK,0.92 0.92 0.97 0.97 0.97 0.97 0.96 0.98 0.99,-0.0396652563924314,1
 13469,DYTDYVWGK,0.92 0.92 0.97 0.97 0.97 0.97 0.96 0.98 0.99,-0.0396652563924314,1
 12437,GPSVFPIAPSSK,0.88 0.89 0.96 0.97 0.97 0.97 0.96 0.90 0.92 0.92 0.90 0.93,-0.07167503670689102,1
 4039,HEAIHNHYTQK,0.95 0.94 0.95 0.95 0.95 0.95 0.92 0.94 0.94 0.95 0.96,-0.0560894666510437,1
 4043,HEAIHNHYTQK,0.97 0.97 0.96 0.96 0.81 0.83 0.91 0.96 0.97 0.98 0.99,-0.06478097476950188,1
 12471,FNWYVDGVEVHDAK,0.85 0.86 0.96 0.97 0.97 0.96 0.96 0.96 0.96 0.96 0.96 0.96 0.97 0.98,-0.052798185566970655,1
 15464,VVSVITVIHQDWINGK,0.91 0.91 0.92 0.94 0.94 0.95 0.95 0.96 0.96 0.95 0.94 0.94 0.95 0.96 0.97 0.98,-0.055909194439516634,1
 9020,VYACEVTHQGISSPVTK,0.89 0.92 0.95 0.96 0.96 0.95 0.95 0.95 0.94 0.95 0.95 0.95 0.96 0.95 0.96 0.97 0.98,-0.051912681214413524,1
 9050,VYACEVTHQGISSPVTK,0.85 0.86 0.95 0.96 0.96 0.96 0.96 0.95 0.95 0.96 0.96 0.96 0.96 0.96 0.96 0.97 0.98,-0.05377314686733285,1
 13783,FITPYWVGTEK,0.89 0.90 0.97 0.97 0.96 0.96 0.95 0.95 0.94 0.85 0.91,-0.07061756721395342,1
 4416,SGKITVDK,0.87 0.88 0.92 0.93 0.95 0.95 0.85 0.91,-0.09706171284313124,1
 9353,CIVVDVSHEDPEVK,0.87 0.88 0.96 0.96 0.95 0.95 0.94 0.81 0.85 0.88 0.94 0.94 0.97 0.98,-0.08338160893905101,1
 9428,TETWIAK,0.94 0.90 0.92 0.94 0.95 0.87 0.94,-0.08028083126080299,1
 14181,DYTDYVWGK,0.95 0.95 0.97 0.97 0.97 0.97 0.96 0.97 0.99,-0.03390155167568146,1
 9459,TETWIAK,0.95 0.92 0.94 0.95 0.96 0.94 0.98,-0.052798185566970766,1
 9493,TETWIAK,0.92 0.92 0.94 0.95 0.95 0.88 0.94,-0.07410797215372185,1
 11779,NQVSITCIVK,0.91 0.92 0.97 0.97 0.97 0.96 0.93 0.92 0.95 0.98,-0.053400776727115414,1
 11843,NQVSITCIVK,0.95 0.95 0.97 0.97 0.97 0.97 0.97 0.97 0.97 0.98,-0.033556783528842754,1
 12628,GPSVFPIAPSSK,0.87 0.88 0.96 0.97 0.97 0.97 0.96 0.91 0.93 0.92 0.90 0.93,-0.07167503670689102,1
 9963,WYVDGVEVHNAK,0.96 0.96 0.96 0.96 0.96 0.96 0.96 0.96 0.96 0.96 0.97 0.98,-0.03822121282019751,1
 5202,YICNVDHKPSNTK,0.94 0.90 0.87 0.89 0.86 0.89 0.88 0.89 0.93 0.90 0.87 0.87 0.95,-0.11050191515824527,1
 13439,DYTDYVWGK,0.92 0.93 0.97 0.97 0.97 0.97 0.96 0.97 0.98,-0.040821994520255284,1
 10070,WYVDGVEVGHNAK,0.87 0.89 0.96 0.96 0.96 0.96 0.96 0.93 0.81 0.83 0.91 0.96 0.98,-0.08171076477423346,1
 10120,WYVDGVEVGHNAK,0.86 0.87 0.96 0.96 0.96 0.96 0.96 0.95 0.85 0.87 0.88 0.91 0.94,-0.08589312135171198,1
 10137,WYVDGVEVHNAK,0.96 0.94 0.91 0.93 0.95 0.97 0.97 0.97 0.97 0.96 0.97 0.98,-0.04430025889657972,1
 10170,WYVDGVEVHNAK,0.95 0.94 0.95 0.96 0.96 0.97 0.97 0.97 0.97 0.96 0.96 0.98,-0.03908738870804692,1
 10201,WYVDGVEVHNAK,0.96 0.94 0.95 0.96 0.96 0.97 0.97 0.97 0.97 0.96 0.97 0.98,-0.03735578654376886,1
 10237,WYVDGVEVHNAK,0.96 0.95 0.96 0.96 0.96 0.97 0.97 0.97 0.97 0.96 0.97 0.98,-0.03562717764315116,1
 4726,YICNVNHKPSNTK,0.86 0.84 0.86 0.89 0.88 0.93 0.94 0.94 0.94 0.94 0.95 0.96 0.98,-0.0875709740943283,1
 10273,WYVDGVEVHNAK,0.96 0.95 0.97 0.97 0.96 0.96 0.96 0.96 0.96 0.96 0.96 0.98,-0.03822121282019774,1
 4757,YICNVNHKPSNTK,0.91 0.90 0.92 0.92 0.89 0.93 0.92 0.93 0.94 0.93 0.94 0.96 0.98,-0.07422632235209661,1
 10489,IHQDWIDGK,0.94 0.94 0.96 0.96 0.82 0.85 0.89 0.97 0.99,-0.07856232250310233,1
 10519,TEEIAYIK,0.91 0.91 0.97 0.97 0.96 0.96 0.98 0.99,-0.044735893841391414,1
 10580,ISSFVIAK,0.96 0.96 0.97 0.97 0.97 0.96 0.95 0.97,-0.036923354104597926,1
 10614,ISSFVIAK,0.96 0.94 0.92 0.93 0.94 0.95 0.91 0.95,-0.06453852113757118,1
 10616,WYVDGVEVHDAK,0.96 0.96 0.96 0.96 0.95 0.96 0.97 0.96 0.96 0.95 0.97 0.98,-0.03908738870804669,1
 14206,DYTDYVWGK,0.95 0.95 0.97 0.97 0.97 0.96 0.94 0.94 0.98,-0.04198007224088291,1
 10645,WYVDGVEVHDAK,0.97 0.95 0.94 0.95 0.95 0.97 0.97 0.97 0.96 0.96 0.97 0.98,-0.03908738870804669,1
 10711,SNTAAIGCIVK,0.93 0.87 0.89 0.96 0.97 0.97 0.97 0.97 0.96 0.97 0.98,-0.05225069034387788,1
 10729,VFIFPPKPK,0.98 0.98 0.98 0.96 0.91 0.91 0.93 0.97 0.99,-0.04430025889658007,1
 10751,NQVSITCIVK,0.92 0.93 0.97 0.97 0.97 0.96 0.96 0.96 0.97 0.98,-0.04186420409869887,1
 10803,VFIFPPKPK,0.96 0.96 0.97 0.97 0.97 0.97 0.96 0.97 0.99,-0.03160533941533122,1
 10938,VFIFPPKPK,0.98 0.98 0.98 0.97 0.96 0.96 0.96 0.97 0.99,-0.028170876966696335,1
 11012,YTDYVWGK,0.94 0.95 0.97 0.97 0.96 0.96 0.97 0.99,-0.03692335410459781,1
 11049,VFIFPPKPK,0.98 0.98 0.98 0.97 0.97 0.96 0.96 0.97 0.99,-0.027028672387919374,1
 11104,VFIFPPKPK,0.98 0.98 0.98 0.97 0.96 0.96 0.96 0.97 0.99,-0.028170876966696335,1
 11119,WQEGNVFSCSVMHEAIHNHYTQK,0.91 0.88 0.81 0.85 0.90 0.92 0.93 0.93 0.95 0.94 0.92 0.90 0.90 0.92 0.95 0.96 0.96 0.96 0.97 0.96 0.91 0.92 0.95,-0.08149303425118279,1
 11124,WYVDGVEVHDAK,0.96 0.94 0.93 0.94 0.91 0.83 0.85 0.89 0.93 0.88 0.91 0.97,-0.09248085279416508,1
 11137,VFIFPPKPK,0.98 0.97 0.97 0.97 0.97 0.96 0.96 0.97 0.99,-0.029314387668775484,1
 11149,WQEGNVFSCSVMHEAIHNHYTQK,0.92 0.90 0.88 0.91 0.92 0.93 0.94 0.93 0.91 0.90 0.85 0.87 0.87 0.89 0.93 0.94 0.95 0.95 0.95 0.94 0.89 0.91 0.95,-0.08954422621454139,1
 11165,VFIFPPKPK,0.98 0.98 0.98 0.97 0.97 0.96 0.96 0.97 0.99,-0.027028672387919374,1
 11204,VFIFPPKPK,0.97 0.97 0.97 0.97 0.96 0.95 0.95 0.97 0.99,-0.03390155167568146,1
 11249,WYVDGVEVHDAK,0.94 0.94 0.96 0.96 0.96 0.96 0.96 0.96 0.96 0.96 0.97 0.98,-0.04169042705420909,1
 11281,WYVDGVEVHDAK,0.97 0.97 0.96 0.96 0.96 0.97 0.97 0.97 0.97 0.96 0.97 0.98,-0.03303985407820004,1
 11314,WYVDGVEVHDAK,0.97 0.97 0.97 0.97 0.96 0.96 0.96 0.96 0.96 0.96 0.97 0.98,-0.03476399243633987,1
 11343,VFIFPPKPK,0.98 0.98 0.98 0.97 0.97 0.96 0.96 0.97 0.99,-0.027028672387919374,1
 6590,YVDGVEVHNAK,0.95 0.95 0.97 0.97 0.97 0.97 0.97 0.97 0.95 0.84 0.91,-0.054168236473149806,1
 11430,MFCAGYIEGGK,0.97 0.96 0.97 0.97 0.96 0.96 0.96 0.97 0.96 0.97 0.98,-0.03421508044451392,1
 6678,IFPPKPK,0.89 0.86 0.83 0.89 0.88 0.90 0.97,-0.11814024230422511,1
 6700,IFPPKPK,0.90 0.85 0.81 0.84 0.86 0.91 0.97,-0.13108540689626225,1
 11468,MFCAGYIEGGK,0.97 0.97 0.97 0.97 0.97 0.97 0.97 0.97 0.96 0.97 0.98,-0.030459207484708574,1
 7363,APADNTVNIK,0.90 0.90 0.95 0.96 0.96 0.96 0.97 0.96 0.98 0.99,-0.048140375327934984,1
 11628,NQVSITCIVK,0.96 0.96 0.97 0.97 0.97 0.97 0.97 0.97 0.97 0.98,-0.03149066709137085,1
 11632,TPEVTAIPAPIEK,0.96 0.96 0.97 0.97 0.97 0.97 0.97 0.96 0.94 0.95 0.95 0.97 0.98,-0.03762199178958441,1
 11646,NQVSITCIVGK,0.95 0.95 0.97 0.97 0.97 0.96 0.95 0.95 0.93 0.95 0.98,-0.04366694665248652,1
 11656,NQVSITCIVK,0.96 0.96 0.97 0.97 0.97 0.97 0.97 0.97 0.97 0.98,-0.03149066709137085,1
 11683,NQVSITCIVK,0.96 0.96 0.97 0.97 0.97 0.97 0.97 0.96 0.96 0.98,-0.03355678352884287,1
 11711,NQVSITCIVK,0.96 0.96 0.97 0.97 0.97 0.97 0.97 0.97 0.97 0.98,-0.03149066709137085,1
 5787,TYICNVDHKPSNTK,0.93 0.93 0.94 0.92 0.91 0.88 0.91 0.92 0.93 0.95 0.90 0.90 0.92 0.96,-0.08183001824763224,1
 11746,NQVSITCIVK,0.97 0.97 0.97 0.97 0.97 0.97 0.97 0.96 0.97 0.98,-0.030459207484708574,1
 11809,NQVSITCIVK,0.95 0.95 0.97 0.97 0.97 0.97 0.97 0.97 0.97 0.98,-0.033556783528842754,1
 7090,SCSVMHEAIHDHYTQK,0.87 0.89 0.93 0.93 0.82 0.84 0.90 0.94 0.92 0.89 0.89 0.92 0.94 0.95 0.96 0.98,-0.09362410203266776,1
 11873,NQVSITCIVK,0.96 0.96 0.97 0.97 0.97 0.96 0.96 0.96 0.97 0.98,-0.03459144476961909,1
 7122,SCSVMHEAIHDHYTQK,0.89 0.91 0.95 0.94 0.91 0.92 0.90 0.89 0.89 0.89 0.82 0.87 0.92 0.94 0.93 0.95,-0.09706171284313136,1
 11910,NQVSITCIVK,0.91 0.92 0.97 0.97 0.97 0.97 0.96 0.96 0.91 0.94,-0.053400776727115414,1
 12164,FNWYVDGVEVHNAK,0.94 0.94 0.97 0.97 0.96 0.96 0.96 0.96 0.96 0.96 0.96 0.96 0.97 0.98,-0.04007822356741047,1
 7247,APADNTVNIK,0.91 0.91 0.93 0.93 0.93 0.95 0.96 0.96 0.96 0.98,-0.05975000440577381,1
 7277,APADNTVNIK,0.92 0.92 0.95 0.95 0.96 0.96 0.97 0.96 0.97 0.98,-0.04709160753385045,1
 12192,GPSVFPIAPSSK,0.85 0.85 0.96 0.97 0.97 0.97 0.97 0.95 0.95 0.95 0.89 0.92,-0.06899287148695156,1
 7303,APADNTVNIK,0.91 0.90 0.94 0.95 0.95 0.96 0.97 0.96 0.98 0.99,-0.05024121643674679,1
 12049,FNWYVDGVEVHNAK,0.94 0.94 0.96 0.97 0.96 0.95 0.95 0.96 0.96 0.96 0.96 0.96 0.97 0.98,-0.04231119807172259,1
 12062,FNWYVDGVEVHNAK,0.97 0.96 0.97 0.97 0.96 0.95 0.95 0.94 0.95 0.95 0.96 0.96 0.97 0.98,-0.040821994520255166,1
 12065,TPEVTCVVVDVSHEDPEVK,0.86 0.87 0.94 0.95 0.95 0.95 0.95 0.96 0.96 0.95 0.95 0.95 0.95 0.95 0.95 0.96 0.96 0.97 0.97,-0.05684886423215276,1
 7336,APADNTVNIK,0.92 0.92 0.95 0.96 0.95 0.96 0.96 0.96 0.97 0.98,-0.048140375327934866,1
 7337,IFPPKPK,0.89 0.86 0.84 0.89 0.87 0.89 0.97,-0.11974925310992605,1
 12101,FNWYVDGVEVHNAK,0.97 0.97 0.97 0.97 0.96 0.96 0.96 0.95 0.96 0.96 0.96 0.96 0.97 0.98,-0.036367644170874715,1
 12109,FNWYVDGVEVHNAK,0.94 0.94 0.96 0.97 0.96 0.96 0.96 0.96 0.96 0.96 0.96 0.96 0.97 0.98,-0.04082199452025494,1
 12112,GPSVFPIAPSSK,0.90 0.90 0.96 0.97 0.97 0.97 0.96 0.93 0.94 0.94 0.87 0.91,-0.06720874969345035,1
 7394,APADNTVNIK,0.91 0.91 0.94 0.95 0.95 0.96 0.97 0.96 0.98 0.99,-0.04919024419077178,1
 12130,FNWYVDGVEVHNAK,0.97 0.96 0.97 0.97 0.96 0.95 0.95 0.95 0.96 0.96 0.96 0.96 0.97 0.98,-0.03859233919298572,1
 12137,FNWYVDGVEVHNAK,0.94 0.94 0.96 0.97 0.96 0.96 0.96 0.96 0.96 0.96 0.96 0.96 0.97 0.98,-0.04082199452025494,1
 12140,GPSVFPIAPSSK,0.90 0.91 0.96 0.97 0.97 0.97 0.96 0.95 0.95 0.95 0.88 0.92,-0.0609892716264297,1
 12158,FNWYVDGVEVHNAK,0.97 0.96 0.97 0.97 0.95 0.92 0.93 0.94 0.96 0.96 0.96 0.96 0.97 0.98,-0.04380262265839265,1
 7424,APADNTVNIK,0.90 0.89 0.90 0.91 0.92 0.94 0.96 0.96 0.98 0.99,-0.06720874969344988,1
 12168,GPSVFPIAPSSK,0.84 0.85 0.95 0.97 0.97 0.97 0.96 0.93 0.94 0.94 0.89 0.92,-0.07526248450054698,1
 7451,HQDWINGGK,0.94 0.95 0.97 0.97 0.96 0.96 0.96 0.96 0.97,-0.04082199452025505,1
 7453,APADNTVNIK,0.94 0.93 0.92 0.90 0.93 0.95 0.96 0.96 0.97 0.98,-0.05762911283663618,1
 7465,HQDWINGK,0.96 0.96 0.97 0.97 0.97 0.97 0.97 0.99,-0.03045920748470869,1
 12216,GPSVFPIAPSSK,0.89 0.89 0.96 0.97 0.97 0.96 0.95 0.89 0.91 0.92 0.81 0.88,-0.08701137698962981,1
 7484,APADNTVNIK,0.95 0.94 0.94 0.86 0.85 0.91 0.95 0.96 0.97 0.98,-0.07149600170506992,1
 7495,HQDWINGK,0.97 0.96 0.97 0.97 0.97 0.97 0.97 0.99,-0.02917137730027991,1
 7509,APADDTVNIK,0.90 0.89 0.87 0.87 0.87 0.92 0.95 0.96 0.97 0.98,-0.08555788836164642,1
 7524,HQDWINGK,0.94 0.94 0.96 0.97 0.97 0.97 0.97 0.99,-0.036923354104597926,1
 12282,GPSVFPIAPSSK,0.90 0.91 0.96 0.97 0.97 0.97 0.96 0.92 0.93 0.93 0.90 0.93,-0.06453852113757118,1
 7556,HQDWINGK,0.97 0.97 0.97 0.97 0.97 0.97 0.97 0.99,-0.027885203489535777,1
 12315,GPSVFPIAPSSK,0.88 0.89 0.96 0.97 0.97 0.97 0.96 0.93 0.94 0.93 0.91 0.94,-0.06453852113757129,1
 7578,APADDTVNIK,0.89 0.88 0.84 0.86 0.89 0.94 0.96 0.96 0.97 0.98,-0.08664780672567217,1
 7590,HQDWINGK,0.97 0.97 0.97 0.97 0.97 0.97 0.97 0.99,-0.027885203489535777,1
 12246,GPSVFPIAPSSK,0.87 0.88 0.96 0.97 0.97 0.97 0.96 0.92 0.93 0.93 0.93 0.94,-0.06631788103764866,1
 12349,GPSVFPIAPSSK,0.93 0.93 0.97 0.97 0.97 0.96 0.95 0.87 0.90 0.91 0.87 0.91,-0.07436441528886245,1
 7628,HQDWINGK,0.97 0.97 0.97 0.97 0.97 0.97 0.97 0.99,-0.027885203489535777,1
 12410,GPSVFPIAPSSK,0.89 0.89 0.96 0.97 0.97 0.97 0.96 0.93 0.94 0.93 0.88 0.93,-0.06720874969345011,1
 7680,APADDTVNIK,0.91 0.90 0.89 0.89 0.84 0.87 0.91 0.94 0.96 0.98,-0.09541018480465818,1
 12440,FNWYVDGVEVHDAK,0.86 0.86 0.96 0.97 0.97 0.96 0.96 0.96 0.96 0.96 0.96 0.96 0.97 0.98,-0.052045456890104536,1
 7693,TPEVTTISK,0.87 0.87 0.96 0.97 0.97 0.97 0.96 0.97 0.98,-0.05480823649499503,1
 12454,FNWYVDGVEVHDAK,0.88 0.89 0.95 0.95 0.94 0.95 0.94 0.94 0.95 0.95 0.95 0.95 0.97 0.98,-0.05959836288603559,1
 12504,GPSVFPIAPSSK,0.92 0.93 0.97 0.97 0.97 0.96 0.95 0.87 0.89 0.92 0.83 0.88,-0.08157165369381149,1
 12517,DYTDYVWGK,0.90 0.90 0.96 0.94 0.95 0.95 0.96 0.98 0.99,-0.05363521583263169,1
 12545,DYTDYVWGK,0.91 0.92 0.96 0.95 0.95 0.96 0.96 0.98 0.99,-0.04779066383634844,1
 7851,HQDWIDGK,0.92 0.93 0.96 0.96 0.96 0.96 0.97 0.99,-0.044735893841391414,1
 7885,HQDWIDGK,0.92 0.93 0.96 0.96 0.96 0.96 0.97 0.99,-0.044735893841391414,1
 7913,HQDWIDGK,0.91 0.92 0.96 0.96 0.96 0.96 0.97 0.99,-0.047353696383470305,1
 7921,YICDNQDTISSK,0.98 0.97 0.97 0.95 0.95 0.95 0.97 0.97 0.97 0.96 0.97 0.98,-0.03476399243633987,1
 7927,YANVYVK,0.87 0.87 0.92 0.92 0.93 0.86 0.93,-0.10536051565782628,1
 7942,HQDWIDGK,0.91 0.82 0.83 0.91 0.85 0.89 0.95 0.98,-0.11372876532834283,1
 7953,YANVYVK,0.88 0.90 0.93 0.92 0.93 0.87 0.93,-0.09588177170328263,1
 7972,HEDWINGK,0.97 0.95 0.89 0.92 0.94 0.96 0.97 0.98,-0.05392834202555563,1
 12763,GPSVFPIAPSSK,0.82 0.82 0.95 0.97 0.97 0.97 0.97 0.96 0.96 0.96 0.90 0.93,-0.07078018206104736,1
 8088,VTMQNINDR,0.96 0.94 0.93 0.94 0.96 0.97 0.96 0.94 0.96,-0.050124387182568744,1
 8093,VDNAIQSGNSQESVTEQDSK,0.96 0.96 0.96 0.96 0.96 0.96 0.96 0.96 0.96 0.96 0.95 0.95 0.95 0.96 0.96 0.96 0.97 0.97 0.97 0.97,-0.040301296773525806,1
 8094,HQDWIDGK,0.88 0.88 0.91 0.94 0.95 0.95 0.97 0.98,-0.06988612746416657,1
 8124,HQDWIDGK,0.97 0.97 0.96 0.92 0.94 0.95 0.97 0.99,-0.04212492630067112,1
 12927,FNWYVDGVEVHDAK,0.84 0.84 0.95 0.96 0.97 0.97 0.96 0.96 0.96 0.96 0.96 0.96 0.97 0.98,-0.05581477910639621,1
 12950,FNWYVDGVEVHDAK,0.92 0.92 0.94 0.95 0.94 0.93 0.84 0.84 0.88 0.93 0.94 0.91 0.93 0.97,-0.0864920313534435,1
 12960,FNWYVDGVEVHDAK,0.87 0.88 0.94 0.95 0.95 0.96 0.95 0.96 0.96 0.96 0.96 0.95 0.97 0.98,-0.05581477910639645,1
 8227,HQDWIDGK,0.92 0.92 0.96 0.96 0.96 0.96 0.97 0.99,-0.046043938501406846,1
 13014,CIINNFYPR,0.97 0.97 0.96 0.92 0.93 0.94 0.95 0.93 0.96,-0.05363521583263169,1
 8259,HQDWIDGK,0.94 0.95 0.97 0.97 0.97 0.96 0.97 0.99,-0.03562717764315116,1
 8291,HQDWIDGK,0.95 0.95 0.97 0.97 0.97 0.97 0.97 0.99,-0.033039854078200266,1
 8321,HQDWIDGK,0.89 0.89 0.96 0.97 0.96 0.96 0.98 0.99,-0.05129329438755058,1
 8348,HQDWIDGK,0.91 0.91 0.96 0.96 0.96 0.96 0.98 0.99,-0.04735369638347019,1
 8379,HQDWIDGK,0.97 0.97 0.96 0.96 0.96 0.97 0.97 0.99,-0.0317486983145803,1
