Scan,Peptide,local confidence,total score, Area
11049,VFIFPPKPK,0.98 0.98 0.98 0.97 0.97 0.96 0.96 0.97 0.99,-0.027028672387919,1
11165,VFIFPPKPK,0.98 0.98 0.98 0.97 0.97 0.96 0.96 0.97 0.99,-0.027028672387919,1
11343,VFIFPPKPK,0.98 0.98 0.98 0.97 0.97 0.96 0.96 0.97 0.99,-0.027028672387919,1
7556,HQDWINGK,0.97 0.97 0.97 0.97 0.97 0.97 0.97 0.99,-0.027885203489536,1
7590,HQDWINGK,0.97 0.97 0.97 0.97 0.97 0.97 0.97 0.99,-0.027885203489536,1
7628,HQDWINGK,0.97 0.97 0.97 0.97 0.97 0.97 0.97 0.99,-0.027885203489536,1
10938,VFIFPPKPK,0.98 0.98 0.98 0.97 0.96 0.96 0.96 0.97 0.99,-0.028170876966696,1
11104,VFIFPPKPK,0.98 0.98 0.98 0.97 0.96 0.96 0.96 0.97 0.99,-0.028170876966696,1
7495,HQDWINGK,0.97 0.96 0.97 0.97 0.97 0.97 0.97 0.99,-0.02917137730028,1
11137,VFIFPPKPK,0.98 0.97 0.97 0.97 0.97 0.96 0.96 0.97 0.99,-0.029314387668776,1
11468,MFCAGYIEGGK,0.97 0.97 0.97 0.97 0.97 0.97 0.97 0.97 0.96 0.97 0.98,-0.030459207484709,1
11746,NQVSITCIVK,0.97 0.97 0.97 0.97 0.97 0.97 0.97 0.96 0.97 0.98,-0.030459207484709,1
7465,HQDWINGK,0.96 0.96 0.97 0.97 0.97 0.97 0.97 0.99,-0.030459207484709,1
11628,NQVSITCIVK,0.96 0.96 0.97 0.97 0.97 0.97 0.97 0.97 0.97 0.98,-0.031490667091371,1
11656,NQVSITCIVK,0.96 0.96 0.97 0.97 0.97 0.97 0.97 0.97 0.97 0.98,-0.031490667091371,1
11711,NQVSITCIVK,0.96 0.96 0.97 0.97 0.97 0.97 0.97 0.97 0.97 0.98,-0.031490667091371,1
10803,VFIFPPKPK,0.96 0.96 0.97 0.97 0.97 0.97 0.96 0.97 0.99,-0.031605339415331,1
8379,HQDWIDGK,0.97 0.97 0.96 0.96 0.96 0.97 0.97 0.99,-0.03174869831458,1
11281,WYVDGVEVHDAK,0.97 0.97 0.96 0.96 0.96 0.97 0.97 0.97 0.97 0.96 0.97 0.98,-0.0330398540782,1
8291,HQDWIDGK,0.95 0.95 0.97 0.97 0.97 0.97 0.97 0.99,-0.0330398540782,1
11843,NQVSITCIVK,0.95 0.95 0.97 0.97 0.97 0.97 0.97 0.97 0.97 0.98,-0.033556783528843,1
11809,NQVSITCIVK,0.95 0.95 0.97 0.97 0.97 0.97 0.97 0.97 0.97 0.98,-0.033556783528843,1
11683,NQVSITCIVK,0.96 0.96 0.97 0.97 0.97 0.97 0.97 0.96 0.96 0.98,-0.033556783528843,1
14181,DYTDYVWGK,0.95 0.95 0.97 0.97 0.97 0.97 0.96 0.97 0.99,-0.033901551675682,1
11204,VFIFPPKPK,0.97 0.97 0.97 0.97 0.96 0.95 0.95 0.97 0.99,-0.033901551675682,1
11430,MFCAGYIEGGK,0.97 0.96 0.97 0.97 0.96 0.96 0.96 0.97 0.96 0.97 0.98,-0.034215080444514,1
11873,NQVSITCIVK,0.96 0.96 0.97 0.97 0.97 0.96 0.96 0.96 0.97 0.98,-0.034591444769619,1
11314,WYVDGVEVHDAK,0.97 0.97 0.97 0.97 0.96 0.96 0.96 0.96 0.96 0.96 0.97 0.98,-0.03476399243634,1
7921,YICDNQDTISSK,0.98 0.97 0.97 0.95 0.95 0.95 0.97 0.97 0.97 0.96 0.97 0.98,-0.03476399243634,1
10237,WYVDGVEVHNAK,0.96 0.95 0.96 0.96 0.96 0.97 0.97 0.97 0.97 0.96 0.97 0.98,-0.035627177643151,1
8259,HQDWIDGK,0.94 0.95 0.97 0.97 0.97 0.96 0.97 0.99,-0.035627177643151,1
12101,FNWYVDGVEVHNAK,0.97 0.97 0.97 0.97 0.96 0.96 0.96 0.95 0.96 0.96 0.96 0.96 0.97 0.98,-0.036367644170875,1
11012,YTDYVWGK,0.94 0.95 0.97 0.97 0.96 0.96 0.97 0.99,-0.036923354104598,1
10580,ISSFVIAK,0.96 0.96 0.97 0.97 0.97 0.96 0.95 0.97,-0.036923354104598,1
7524,HQDWINGK,0.94 0.94 0.96 0.97 0.97 0.97 0.97 0.99,-0.036923354104598,1
10201,WYVDGVEVHNAK,0.96 0.94 0.95 0.96 0.96 0.97 0.97 0.97 0.97 0.96 0.97 0.98,-0.037355786543769,1
11632,TPEVTAIPAPIEK,0.96 0.96 0.97 0.97 0.97 0.97 0.97 0.96 0.94 0.95 0.95 0.97 0.98,-0.037621991789585,1
9963,WYVDGVEVHNAK,0.96 0.96 0.96 0.96 0.96 0.96 0.96 0.96 0.96 0.96 0.97 0.98,-0.038221212820198,1
10273,WYVDGVEVHNAK,0.96 0.95 0.97 0.97 0.96 0.96 0.96 0.96 0.96 0.96 0.96 0.98,-0.038221212820198,1
12130,FNWYVDGVEVHNAK,0.97 0.96 0.97 0.97 0.96 0.95 0.95 0.95 0.96 0.96 0.96 0.96 0.97 0.98,-0.038592339192986,1
10616,WYVDGVEVHDAK,0.96 0.96 0.96 0.96 0.95 0.96 0.97 0.96 0.96 0.95 0.97 0.98,-0.039087388708047,1
10645,WYVDGVEVHDAK,0.97 0.95 0.94 0.95 0.95 0.97 0.97 0.97 0.96 0.96 0.97 0.98,-0.039087388708047,1
10170,WYVDGVEVHNAK,0.95 0.94 0.95 0.96 0.96 0.97 0.97 0.97 0.97 0.96 0.96 0.98,-0.039087388708047,1
13409,DYTDYVWGK,0.92 0.92 0.97 0.97 0.97 0.97 0.96 0.98 0.99,-0.039665256392431,1
13469,DYTDYVWGK,0.92 0.92 0.97 0.97 0.97 0.97 0.96 0.98 0.99,-0.039665256392431,1
12164,FNWYVDGVEVHNAK,0.94 0.94 0.97 0.97 0.96 0.96 0.96 0.96 0.96 0.96 0.96 0.96 0.97 0.98,-0.040078223567411,1
8093,VDNAIQSGNSQESVTEQDSK,0.96 0.96 0.96 0.96 0.96 0.96 0.96 0.96 0.96 0.96 0.95 0.95 0.95 0.96 0.96 0.96 0.97 0.97 0.97 0.97,-0.040301296773526,1
12109,FNWYVDGVEVHNAK,0.94 0.94 0.96 0.97 0.96 0.96 0.96 0.96 0.96 0.96 0.96 0.96 0.97 0.98,-0.040821994520255,1
12137,FNWYVDGVEVHNAK,0.94 0.94 0.96 0.97 0.96 0.96 0.96 0.96 0.96 0.96 0.96 0.96 0.97 0.98,-0.040821994520255,1
7451,HQDWINGGK,0.94 0.95 0.97 0.97 0.96 0.96 0.96 0.96 0.97,-0.040821994520255,1
12062,FNWYVDGVEVHNAK,0.97 0.96 0.97 0.97 0.96 0.95 0.95 0.94 0.95 0.95 0.96 0.96 0.97 0.98,-0.040821994520255,1
13356,DYTDYVWGK,0.92 0.93 0.97 0.97 0.97 0.97 0.96 0.97 0.98,-0.040821994520255,1
13383,DYTDYVWGK,0.92 0.93 0.97 0.97 0.97 0.97 0.96 0.97 0.98,-0.040821994520255,1
13439,DYTDYVWGK,0.92 0.93 0.97 0.97 0.97 0.97 0.96 0.97 0.98,-0.040821994520255,1
11249,WYVDGVEVHDAK,0.94 0.94 0.96 0.96 0.96 0.96 0.96 0.96 0.96 0.96 0.97 0.98,-0.041690427054209,1
10751,NQVSITCIVK,0.92 0.93 0.97 0.97 0.97 0.96 0.96 0.96 0.97 0.98,-0.041864204098699,1
14206,DYTDYVWGK,0.95 0.95 0.97 0.97 0.97 0.96 0.94 0.94 0.98,-0.041980072240883,1
8124,HQDWIDGK,0.97 0.97 0.96 0.92 0.94 0.95 0.97 0.99,-0.042124926300671,1
12049,FNWYVDGVEVHNAK,0.94 0.94 0.96 0.97 0.96 0.95 0.95 0.96 0.96 0.96 0.96 0.96 0.97 0.98,-0.042311198071723,1
11646,NQVSITCIVGK,0.95 0.95 0.97 0.97 0.97 0.96 0.95 0.95 0.93 0.95 0.98,-0.043666946652487,1
12158,FNWYVDGVEVHNAK,0.97 0.96 0.97 0.97 0.95 0.92 0.93 0.94 0.96 0.96 0.96 0.96 0.97 0.98,-0.043802622658393,1
10137,WYVDGVEVHNAK,0.96 0.94 0.91 0.93 0.95 0.97 0.97 0.97 0.97 0.96 0.97 0.98,-0.04430025889658,1
10729,VFIFPPKPK,0.98 0.98 0.98 0.96 0.91 0.91 0.93 0.97 0.99,-0.04430025889658,1
10519,TEEIAYIK,0.91 0.91 0.97 0.97 0.96 0.96 0.98 0.99,-0.044735893841392,1
7851,HQDWIDGK,0.92 0.93 0.96 0.96 0.96 0.96 0.97 0.99,-0.044735893841392,1
7885,HQDWIDGK,0.92 0.93 0.96 0.96 0.96 0.96 0.97 0.99,-0.044735893841392,1
8227,HQDWIDGK,0.92 0.92 0.96 0.96 0.96 0.96 0.97 0.99,-0.046043938501407,1
7277,APADNTVNIK,0.92 0.92 0.95 0.95 0.96 0.96 0.97 0.96 0.97 0.98,-0.047091607533851,1
8348,HQDWIDGK,0.91 0.91 0.96 0.96 0.96 0.96 0.98 0.99,-0.04735369638347,1
7913,HQDWIDGK,0.91 0.92 0.96 0.96 0.96 0.96 0.97 0.99,-0.04735369638347,1
12545,DYTDYVWGK,0.91 0.92 0.96 0.95 0.95 0.96 0.96 0.98 0.99,-0.047790663836349,1
7336,APADNTVNIK,0.92 0.92 0.95 0.96 0.95 0.96 0.96 0.96 0.97 0.98,-0.048140375327935,1
7363,APADNTVNIK,0.90 0.90 0.95 0.96 0.96 0.96 0.97 0.96 0.98 0.99,-0.048140375327935,1
13329,DYTDYVWGK,0.89 0.89 0.97 0.97 0.97 0.96 0.96 0.97 0.99,-0.048956844726531,1
7394,APADNTVNIK,0.91 0.91 0.94 0.95 0.95 0.96 0.97 0.96 0.98 0.99,-0.049190244190772,1
8088,VTMQNINDR,0.96 0.94 0.93 0.94 0.96 0.97 0.96 0.94 0.96,-0.050124387182569,1
7303,APADNTVNIK,0.91 0.90 0.94 0.95 0.95 0.96 0.97 0.96 0.98 0.99,-0.050241216436747,1
8321,HQDWIDGK,0.89 0.89 0.96 0.97 0.96 0.96 0.98 0.99,-0.051293294387551,1
9020,VYACEVTHQGISSPVTK,0.89 0.92 0.95 0.96 0.96 0.95 0.95 0.95 0.94 0.95 0.95 0.95 0.96 0.95 0.96 0.97 0.98,-0.051912681214414,1
12440,FNWYVDGVEVHDAK,0.86 0.86 0.96 0.97 0.97 0.96 0.96 0.96 0.96 0.96 0.96 0.96 0.97 0.98,-0.052045456890105,1
10711,SNTAAIGCIVK,0.93 0.87 0.89 0.96 0.97 0.97 0.97 0.97 0.96 0.97 0.98,-0.052250690343878,1
12471,FNWYVDGVEVHDAK,0.85 0.86 0.96 0.97 0.97 0.96 0.96 0.96 0.96 0.96 0.96 0.96 0.97 0.98,-0.052798185566971,1
9459,TETWIAK,0.95 0.92 0.94 0.95 0.96 0.94 0.98,-0.052798185566971,1
11779,NQVSITCIVK,0.91 0.92 0.97 0.97 0.97 0.96 0.93 0.92 0.95 0.98,-0.053400776727116,1
11910,NQVSITCIVK,0.91 0.92 0.97 0.97 0.97 0.97 0.96 0.96 0.91 0.94,-0.053400776727116,1
12517,DYTDYVWGK,0.90 0.90 0.96 0.94 0.95 0.95 0.96 0.98 0.99,-0.053635215832632,1
13014,CIINNFYPR,0.97 0.97 0.96 0.92 0.93 0.94 0.95 0.93 0.96,-0.053635215832632,1
9050,VYACEVTHQGISSPVTK,0.85 0.86 0.95 0.96 0.96 0.96 0.96 0.95 0.95 0.96 0.96 0.96 0.96 0.96 0.96 0.97 0.98,-0.053773146867333,1
7972,HEDWINGK,0.97 0.95 0.89 0.92 0.94 0.96 0.97 0.98,-0.053928342025556,1
6590,YVDGVEVHNAK,0.95 0.95 0.97 0.97 0.97 0.97 0.97 0.97 0.95 0.84 0.91,-0.05416823647315,1
7693,TPEVTTISK,0.87 0.87 0.96 0.97 0.97 0.97 0.96 0.97 0.98,-0.054808236494995,1
12927,FNWYVDGVEVHDAK,0.84 0.84 0.95 0.96 0.97 0.97 0.96 0.96 0.96 0.96 0.96 0.96 0.97 0.98,-0.055814779106396,1
12960,FNWYVDGVEVHDAK,0.87 0.88 0.94 0.95 0.95 0.96 0.95 0.96 0.96 0.96 0.96 0.95 0.97 0.98,-0.055814779106397,1
15464,VVSVITVIHQDWINGK,0.91 0.91 0.92 0.94 0.94 0.95 0.95 0.96 0.96 0.95 0.94 0.94 0.95 0.96 0.97 0.98,-0.055909194439517,1
8598,WVGTEKIPR,0.97 0.97 0.97 0.97 0.95 0.92 0.91 0.90 0.95,-0.055982634750937,1
4039,HEAIHNHYTQK,0.95 0.94 0.95 0.95 0.95 0.95 0.92 0.94 0.94 0.95 0.96,-0.056089466651044,1
12065,TPEVTCVVVDVSHEDPEVK,0.86 0.87 0.94 0.95 0.95 0.95 0.95 0.96 0.96 0.95 0.95 0.95 0.95 0.95 0.95 0.96 0.96 0.97 0.97,-0.056848864232153,1
7453,APADNTVNIK,0.94 0.93 0.92 0.90 0.93 0.95 0.96 0.96 0.97 0.98,-0.057629112836636,1
